{
    "directory": [
        {
            "name": "application/views/backend/admin/assign_student"
        },
        {
            "name": "application/views/backend/admin/driver"
        },
        {
            "name": "application/views/backend/admin/vehicle"
        },
        {
            "name": "application/views/backend/driver"
        },
        {
            "name": "application/views/backend/driver/assign_student"
        },
        {
            "name": "application/views/backend/driver/dashboard"
        },
        {
            "name": "application/views/backend/driver/trip"
        },
        {
            "name": "application/views/backend/parent/trips"
        }
    ],
    "sql_file": "",
    "files": [
        {
            "root_directory": "update/update_7.6/assets/backend/js/ajax_form_submission.js",
            "update_directory": "assets/backend/js/ajax_form_submission.js"
        },
        {
            "root_directory": "update/update_7.6/helpers/common_helper.php",
            "update_directory": "application/helpers/common_helper.php"
        },
        {
            "root_directory": "update/update_7.6/models/Driver_model.php",
            "update_directory": "application/models/Driver_model.php"
        },
        {
            "root_directory": "update/update_7.6/controllers/Admin.php",
            "update_directory": "application/controllers/Admin.php"
        },
        {
            "root_directory": "update/update_7.6/controllers/Driver.php",
            "update_directory": "application/controllers/Driver.php"
        },
        {
            "root_directory": "update/update_7.6/controllers/Parents.php",
            "update_directory": "application/controllers/Parents.php"
        },
        {
            "root_directory": "update/update_7.6/controllers/Login.php",
            "update_directory": "application/controllers/Login.php"
        },
        {
            "root_directory": "update/update_7.6/views/backend/admin/assign_student/add.php",
            "update_directory": "application/views/backend/admin/assign_student/add.php"
        },
        {
            "root_directory": "update/update_7.6/views/backend/admin/assign_student/index.php",
            "update_directory": "application/views/backend/admin/assign_student/index.php"
        },
        {
            "root_directory": "update/update_7.6/views/backend/admin/assign_student/list.php",
            "update_directory": "application/views/backend/admin/assign_student/list.php"
        },
        {
            "root_directory": "update/update_7.6/views/backend/admin/driver/create.php",
            "update_directory": "application/views/backend/admin/driver/create.php"
        },
        {
            "root_directory": "update/update_7.6/views/backend/admin/driver/edit.php",
            "update_directory": "application/views/backend/admin/driver/edit.php"
        },
        {
            "root_directory": "update/update_7.6/views/backend/admin/driver/index.php",
            "update_directory": "application/views/backend/admin/driver/index.php"
        },
        {
            "root_directory": "update/update_7.6/views/backend/admin/driver/list.php",
            "update_directory": "application/views/backend/admin/driver/list.php"
        },
        {
            "root_directory": "update/update_7.6/views/backend/admin/vehicle/create.php",
            "update_directory": "application/views/backend/admin/vehicle/create.php"
        },
        {
            "root_directory": "update/update_7.6/views/backend/admin/vehicle/edit.php",
            "update_directory": "application/views/backend/admin/vehicle/edit.php"
        },
        {
            "root_directory": "update/update_7.6/views/backend/admin/vehicle/index.php",
            "update_directory": "application/views/backend/admin/vehicle/index.php"
        },
        {
            "root_directory": "update/update_7.6/views/backend/admin/vehicle/list.php",
            "update_directory": "application/views/backend/admin/vehicle/list.php"
        },
        {
            "root_directory": "update/update_7.6/views/backend/driver/assign_student/index.php",
            "update_directory": "application/views/backend/driver/assign_student/index.php"
        },
        {
            "root_directory": "update/update_7.6/views/backend/driver/assign_student/list.php",
            "update_directory": "application/views/backend/driver/assign_student/list.php"
        },
        {
            "root_directory": "update/update_7.6/views/backend/driver/dashboard/event.php",
            "update_directory": "application/views/backend/driver/dashboard/event.php"
        },
        {
            "root_directory": "update/update_7.6/views/backend/driver/dashboard/expense.php",
            "update_directory": "application/views/backend/driver/dashboard/expense.php"
        },
        {
            "root_directory": "update/update_7.6/views/backend/driver/dashboard/index.php",
            "update_directory": "application/views/backend/driver/dashboard/index.php"
        },
        {
            "root_directory": "update/update_7.6/views/backend/driver/dashboard/invoice.php",
            "update_directory": "application/views/backend/driver/dashboard/invoice.php"
        },
        {
            "root_directory": "update/update_7.6/views/backend/driver/trip/add.php",
            "update_directory": "application/views/backend/driver/trip/add.php"
        },
        {
            "root_directory": "update/update_7.6/views/backend/driver/trip/index.php",
            "update_directory": "application/views/backend/driver/trip/index.php"
        },
        {
            "root_directory": "update/update_7.6/views/backend/driver/trip/list.php",
            "update_directory": "application/views/backend/driver/trip/list.php"
        },
        {
            "root_directory": "update/update_7.6/views/backend/driver/trip/ongoing_trip.php",
            "update_directory": "application/views/backend/driver/trip/ongoing_trip.php"
        },
        {
            "root_directory": "update/update_7.6/views/backend/parent/trips/index.php",
            "update_directory": "application/views/backend/parent/trips/index.php"
        },
        {
            "root_directory": "update/update_7.6/views/backend/parent/trips/child_location.php",
            "update_directory": "application/views/backend/parent/trips/child_location.php"
        }
    ]
}